,KID1,KID3,KID5,KID7,KID9,KID11,CRAC_set,CRAC_out,time,temp1,temp2,temp3,CPU_mean_KID1,FAN_mean_KID1,CPU_mean_KID3,FAN_mean_KID3,CPU_mean_KID5,FAN_mean_KID5,CPU_mean_KID7,FAN_mean_KID7,CPU_mean_KID9,FAN_mean_KID9,CPU_mean_KID11,FAN_mean_KID11
1,7,11,3,10,9,23,80,65,100s,36.2,34.9,35.1,51.34705882352941,47.4834523809524,50.38235294117647,44.502261904761895,40.142857142857146,39.76373493975901,44.40243902439025,39.927222222222206,51.598765432098766,51.623750000000015,49.135802469135804,39.15162500000004
2,11,22,10,19,21,4,80,65,,36.4,34.9,35.3,51.46739130434783,52.370659340659245,50.11666666666667,47.9851685393258,46.483333333333334,41.78988764044944,43.853932584269664,38.99681818181814,50.77272727272727,51.12781609195403,41.205555555555556,37.56146067415734
3,20,24,4,14,0,1,80,65,,35.5,34.9,34.9,0.0,0.0,47.75,39.36438356164387,41.118556701030926,39.18510416666663,43.31182795698925,39.37217391304344,40.4367816091954,21.995581395348825,40.0,27.66666666666669
4,22,3,16,17,19,5,80,65,,35.4,34.7,34.8,49.75247524752475,62.16429999999993,41.63861386138614,45.79429999999996,47.398989898989896,42.23255102040816,44.3125,38.99105263157891,50.60112359550562,48.26863636363632,41.918539325842694,35.68587570621476
5,4,22,14,11,8,7,80,65,,35.7,34.8,35.2,49.06435643564357,35.30380000000005,49.41237113402062,45.77510416666659,46.54736842105263,39.83478723404254,43.70879120879121,40.01944444444442,50.08988764044944,54.943295454545435,43.82142857142857,40.84409638554219
6,24,10,9,7,12,1,80,65,,35.1,34.3,35,49.2265625,60.558253968253936,47.77777777777778,45.35000000000005,46.8,42.0508988764045,41.43333333333333,39.139999999999965,50.416666666666664,47.176292134831485,0.0,0.0
7,16,22,8,22,19,23,80,65,,35.7,34.9,34.9,50.723958333333336,55.91189473684204,50.04945054945055,47.97711111111111,47.59444444444444,42.60022471910111,44.57831325301205,39.726097560975596,51.542682926829265,52.485308641975315,49.60493827160494,40.522750000000016
8,7,0,15,18,23,10,80,65,,35.6,34.1,34.9,49.39523809523809,50.41009615384613,40.0,36.003775510204065,47.135416666666664,40.40199999999997,44.3021978021978,39.048888888888854,51.720238095238095,52.85518072289158,48.18674698795181,39.691463414634164
9,21,17,20,13,4,18,80,65,,35.2,34.7,35.1,51.75301204819277,65.37939024390236,47.582352941176474,48.11785714285718,49.129411764705885,43.12523809523808,43.793103448275865,39.92162790697672,51.48255813953488,47.74776470588235,49.8448275862069,37.74627906976745
10,1,4,10,23,23,23,80,65,,35.4,35.1,35.2,42.142857142857146,32.15103092783505,47.54040404040404,28.25785714285719,47.176767676767675,42.88061224489796,44.577319587628864,39.89510416666665,51.55952380952381,55.49024096385539,50.4125,42.05784810126583
11,2,5,18,8,19,0,80,65,,35.4,34.8,35.5,43.135,32.64373737373736,46.44845360824742,33.28395833333336,47.21910112359551,41.3325568181818,44.174418604651166,39.27941176470584,51.94805194805195,52.49763157894734,40.0,36.64947368421057
12,3,3,22,22,14,11,80,65,,34.9,34.5,35.5,45.71666666666667,32.96370786516853,45.40659340659341,24.664722222222245,47.69101123595506,43.79727272727271,44.40449438202247,39.8694318181818,50.18681318681319,49.42688888888889,47.09782608695652,36.09285714285716
13,12,19,3,12,7,22,80,65,,35.8,34.1,35.1,49.54950495049505,50.67139999999992,49.20792079207921,42.32559999999999,40.51470588235294,39.04287128712867,43.07339449541284,39.30296296296295,44.13054187192118,32.789702970296894,50.15425531914894,39.00602150537634
14,13,2,3,23,18,21,80,65,,35.8,34.1,35.3,50.138297872340424,50.01763440860205,42.30978260869565,33.00164835164837,40.08988764044944,39.09420454545451,44.12352941176471,39.74190476190475,51.648809523809526,54.18614457831322,48.675,39.33924050632911
15,23,18,17,17,21,20,80,65,,35.1,34.5,35.2,49.955,56.4721212121211,46.62135922330097,42.99549019607845,46.35981308411215,40.55830188679246,43.24311926605505,39.11444444444442,48.61926605504587,42.52564814814811,47.765765765765764,36.16036363636367
16,9,5,4,11,10,13,80,65,,35.9,34.2,35,51.1578947368421,48.82999999999998,44.86813186813187,35.65922222222224,42.50555555555555,39.48808988764042,44.26136363636363,40.079310344827576,50.61176470588235,51.37392857142853,49.46913580246913,37.08850000000001
17,7,9,19,9,11,6,80,65,,35.8,34.9,35,50.16489361702128,51.67311827956988,49.41208791208791,45.21177777777778,48.37078651685393,43.23613636363637,44.833333333333336,40.8796511627907,51.26470588235294,47.6278571428571,47.75,35.352962962962984
18,3,2,2,11,2,18,80,65,,35.2,34.9,35.6,48.257894736842104,33.01085106382974,46.05494505494506,19.753666666666653,40.09444444444444,38.80999999999995,45.04597701149425,39.683837209302304,47.95294117647059,27.898452380952406,51.920731707317074,41.56728395061726
19,3,0,13,18,20,4,80,65,,35.4,34.7,35.3,47.473684210526315,33.61893617021277,40.0,20.382637362637343,47.108695652173914,41.468296703296694,44.75,39.61912087912085,50.43478260869565,47.85428571428568,43.64673913043478,35.9612087912088
20,8,22,11,3,10,5,80,65,,35.9,34.7,34.8,50.91836734693877,53.68432989690713,50.10989010989011,46.68866666666665,48.47191011235955,43.4277272727273,40.132183908045974,39.00372093023252,50.779761904761905,52.18843373493975,43.858024691358025,38.381625000000035
21,17,10,22,21,11,3,80,65,,35.8,34.7,34.9,50.64736842105263,54.06776595744668,49.20967741935484,39.70554347826085,49.42045454545455,46.450344827586186,44.151162790697676,40.32635294117646,51.029411764705884,49.937976190476235,42.61585365853659,34.94567901234568
22,4,6,13,8,18,24,80,65,,35.9,35.2,34.9,49.17,37.44560606060609,47.23711340206186,37.383281250000046,47.351063829787236,40.78204301075266,43.57608695652174,39.33269230769228,50.94886363636363,48.067586206896564,50.1271186440678,40.55310344827586
23,2,11,18,9,20,20,80,65,,35,35.1,35,46.03225806451613,33.044347826086984,49.522222222222226,46.46741573033707,49.55681818181818,45.531264367816064,44.2906976744186,44.28729411764706,51.75,49.32395061728392,52.27922077922078,39.76447368421054
24,17,8,6,12,3,19,80,65,,35.7,35,35.4,50.47894736842105,57.17478723404247,48.755319148936174,42.73526881720427,44.922222222222224,39.19651685393256,44.022222222222226,39.19157303370784,46.89080459770115,35.03000000000001,51.98170731707317,42.39518518518518
25,21,7,14,10,12,17,80,65,,35.1,34.7,35.1,50.66129032258065,58.98413043478252,47.494565217391305,42.86978021978025,48.30898876404494,42.020056818181786,45.172413793103445,39.976395348837194,50.92941176470588,49.9747619047619,51.56707317073171,39.8966666666667
26,23,4,14,5,24,17,80,65,,35.4,34.7,34.5,50.207070707070706,61.132857142857056,42.15841584158416,44.56619999999994,48.51075268817204,42.26391304347825,40.5,40.12712765957444,49.55797101449275,45.39647058823532,49.795698924731184,38.043858695652204
27,14,11,14,6,17,13,80,65,,35.5,34.8,34.8,50.569148936170215,53.29623655913976,49.05494505494506,37.69527777777782,48.89204545454545,42.19183908045979,41.05232558139535,38.99447058823525,51.76219512195122,50.906543209876524,51.53125,39.41291139240508
28,16,12,4,12,17,15,80,65,,35.5,34.2,35,51.39673913043478,56.11417582417583,49.43333333333333,42.38595505617978,42.61494252873563,38.80999999999995,43.90588235294118,39.760714285714265,51.55487804878049,51.90358024691358,51.234177215189874,40.02371794871798
29,13,6,21,1,16,9,80,65,,35.3,34.4,34.9,50.601063829787236,52.67677419354836,46.903225806451616,40.116847826087,49.08426966292135,45.44999999999998,40.0,40.176511627906955,51.833333333333336,49.93963855421686,53.0,39.86512499999999
30,20,19,4,21,14,6,80,65,,35.2,34.4,34.7,50.305263157894736,59.15925531914888,48.94886363636363,46.203103448275854,43.189655172413794,40.805,44.079268292682926,39.39938271604936,51.390243902439025,50.3114814814815,47.11392405063291,36.27051282051283
31,1,17,5,5,9,21,80,65,,35.9,35.1,35.5,40.0,34.60400000000001,50.1505376344086,42.3666304347826,41.879120879120876,40.82555555555553,40.57954545454545,39.19298850574709,50.99418604651163,54.98305882352944,46.4,40.7444382022472
32,8,4,11,4,4,22,80,65,,35.8,35.4,35.5,49.95959595959596,58.48612244897949,45.13636363636363,42.47867346938771,46.755102040816325,42.12979381443302,40.0,38.91208333333329,48.40721649484536,33.075104166666684,50.63793103448276,43.67761627906977
33,2,7,13,6,8,11,80,65,,35.8,35.1,35.3,45.516129032258064,30.851195652173903,48.80107526881721,36.38402173913044,48.68333333333333,42.88488764044941,41.39887640449438,39.33056818181815,51.60227272727273,49.892643678160915,49.56818181818182,37.725862068965576
34,9,14,21,2,6,11,80,65,,35.7,34.8,36,51.79347826086956,53.15549450549445,49.747252747252745,45.91977777777778,50.0406976744186,46.39141176470588,40.0,40.40132530120481,50.5,41.551481481481524,52.45679012345679,39.3115
35,16,9,23,20,5,15,80,65,,35.1,34.9,35.8,50.79032258064516,56.9696739130434,49.51052631578948,42.852446808510635,49.54891304347826,47.798461538461545,43.81720430107527,40.424347826086944,49.36702127659574,37.678924731182825,50.134408602150536,40.30663043478262
36,0,2,20,5,16,6,80,65,,34.8,34.5,35.4,40.0,30.68670454545452,45.20786516853933,20.71613636363637,49.3433734939759,47.16060975609754,40.88095238095238,39.77289156626504,51.31325301204819,51.18878048780487,45.20238095238095,36.66180722891571
37,12,3,15,18,5,23,80,65,,36.1,35.4,35.1,51.229885057471265,55.40906976744182,44.13068181818182,37.16557471264372,48.86206896551724,42.89313953488373,44.44252873563219,39.17325581395346,49.46551724137931,39.43744186046517,51.27325581395349,41.5809411764706
38,8,16,15,2,10,4,80,65,,35.9,35.2,34.9,51.920212765957444,51.606021505376305,49.95108695652174,41.738571428571476,49.2,44.07112359550563,40.0,39.08034482758617,51.55882352941177,49.82619047619045,44.204819277108435,39.051463414634135
39,9,23,12,21,19,17,80,65,,35.8,35.1,34.9,52.06521739130435,53.70428571428572,50.348314606741575,50.79579545454539,48.651685393258425,42.40352272727272,44.411764705882355,39.429523809523786,51.83132530120482,52.21682926829268,50.67901234567901,37.74962500000002
40,2,20,10,0,20,22,80,65,,36.1,35.3,34.9,46.672413793103445,36.00488372093023,51.01764705882353,48.12821428571429,50.25581395348837,44.13023529411766,40.0,38.80999999999996,52.05952380952381,52.43337349397587,51.93975903614458,45.82548780487805
41,5,9,1,2,22,12,80,65,,35.7,34.6,34.8,49.45876288659794,42.8742708333333,49.14795918367347,43.89175257731958,40.0,39.197684210526276,40.0,39.1088659793814,50.0,46.39142857142854,49.11702127659574,34.47569892473121
42,11,14,16,16,18,9,80,65,,35.8,34.8,35.1,51.32954545454545,55.385057471264304,49.83522727272727,41.46551724137927,47.43103448275862,40.63232558139532,43.867816091954026,39.09162790697671,51.72093023255814,47.457647058823525,50.60919540229885,40.814302325581416
43,5,20,16,4,2,8,80,65,,35.8,35.4,35.7,51.21910112359551,45.757045454545484,50.66860465116279,47.75482352941175,49.63793103448276,43.8231395348837,40.47701149425287,39.2198837209302,45.94767441860465,27.271176470588237,47.778260869565216,37.370175438596476
44,10,19,5,19,22,10,80,65,,36,34.7,35,51.39080459770115,51.48511627906977,50.68023255813954,47.05905882352942,41.78488372093023,39.510705882352894,44.11176470588235,39.24738095238093,51.67857142857143,53.259879518072275,46.758823529411764,39.13952380952382
45,3,20,17,6,17,20,80,65,,36.1,35.3,35.2,47.00588235294118,38.495238095238115,51.066265060240966,49.22426829268297,48.14705882352941,41.846071428571406,41.0,39.51070588235291,51.69767441860465,52.14470588235293,49.94705882352941,42.75559523809527
46,15,11,8,13,15,9,80,65,,36,34.7,34.9,51.202127659574465,56.44021505376341,49.48924731182796,40.89184782608696,48.38172043010753,44.2670652173913,44.19444444444444,39.35168539325839,50.46111111111111,46.76292134831462,49.494505494505496,40.101777777777784
47,16,15,9,17,13,22,80,65,,35.9,35,35.1,50.67553191489362,55.96865591397847,49.71910112359551,41.823409090909074,47.52247191011236,44.06034090909093,44.82954545454545,39.73160919540229,50.61494252873563,46.88906976744183,50.77058823529412,42.53702380952384
48,24,4,10,5,24,7,80,65,,35.2,34.2,34.6,49.89705882352941,60.23970149253726,42.42553191489362,46.65247311827953,48.083333333333336,41.757191011235946,41.168539325842694,38.80999999999995,50.3359375,51.079206349206345,45.99431818181818,38.429367816091954
49,6,3,17,16,3,16,80,65,,35.3,35.3,35.4,49.83870967741935,46.26891304347823,42.83516483516483,30.96033333333332,48.98850574712644,44.5287209302326,44.77058823529412,39.88678571428569,47.493975903614455,34.36756097560976,50.81481481481482,43.54625000000001
50,1,24,12,3,21,2,80,65,,36.2,35.3,34.9,42.415841584158414,36.315300000000036,48.138888888888886,47.217746478873245,48.11290322580645,41.391739130434765,40.0,39.39505882352938,51.90243902439025,52.81333333333331,42.59375,38.26708860759497
51,6,1,5,14,1,15,80,65,,36.4,35.6,36.1,51.462765957446805,38.81161290322578,43.4,25.047978723404267,41.46739130434783,39.92967032967031,43.45054945054945,39.68205555555553,44.99444444444445,29.709438202247206,48.853932584269664,35.954886363636376
52,22,23,7,7,10,23,80,65,,35.5,34.5,35.4,50.454081632653065,62.30072164948444,48.409574468085104,46.846559139784915,44.92307692307692,41.23088888888888,42.66477272727273,41.657011494252835,50.870588235294115,54.310357142857114,50.475,42.916962025316465
53,13,5,20,7,0,4,80,65,,34.9,35.1,35.1,50.30102040816327,52.783814432989686,44.78865979381443,37.07750000000002,48.56521739130435,44.735494505494515,42.37777777777778,40.064269662921326,40.0,19.435977011494252,47.279761904761905,28.765903614457805
54,12,21,2,17,16,21,80,65,,35.7,34.2,35.3,50.239583333333336,50.30873684210524,50.15934065934066,45.542222222222264,40.35,38.80999999999995,44.48850574712644,39.29709302325578,51.12352941176471,51.034642857142835,50.56875,41.387215189873416
55,18,8,1,19,15,16,80,65,,35.4,33.9,35,49.46078431372549,56.00227722772267,48.305,42.41878787878789,40.0,38.80999999999995,44.59574468085106,39.432473118279546,50.72826086956522,47.41373626373621,50.93452380952381,37.939036144578345
56,15,7,10,12,13,13,80,65,,35.8,34.9,35,51.76136363636363,55.60229885057468,49.54597701149425,43.033255813953524,47.616279069767444,40.14635294117646,44.689655172413794,39.46581395348834,51.02325581395349,48.907058823529376,50.33720930232558,38.65058823529409
57,17,7,2,23,17,14,80,65,,35.5,34.3,35,50.1530612244898,56.145360824742184,47.072916666666664,42.46736842105264,40.0,38.91769230769226,44.81818181818182,40.03022988505746,51.07738095238095,52.385421686746966,49.6219512195122,38.54728395061729
58,4,16,13,19,6,21,80,65,,35.5,35.2,35.6,50.28021978021978,33.7077777777778,50.88636363636363,44.88643678160923,48.09411764705882,40.59095238095239,45.83132530120482,40.013658536585346,50.06707317073171,41.69185185185191,52.47402597402598,46.42736842105266
59,9,14,21,10,4,2,80,65,,36,35,35.1,51.22872340425532,54.953118279569864,49.824175824175825,43.30111111111115,49.81976744186046,45.0245882352941,45.424418604651166,40.104,49.73809523809524,41.27289156626507,41.67283950617284,27.284749999999992
60,6,17,6,21,5,20,80,65,,35.5,34.7,35.5,49.568627450980394,42.354257425742574,49.13131313131313,44.67193877551017,43.55913978494624,39.35402173913041,44.87640449438202,39.408863636363606,50.056179775280896,38.79829545454546,51.101190476190474,40.48108433734942
61,21,2,16,5,13,3,80,65,,35.5,34.9,34.9,50.48351648351648,66.09188888888882,40.89010989010989,49.74111111111109,48.95977011494253,42.805813953488375,40.72352941176471,40.10249999999997,51.04819277108434,51.26121951219509,43.29113924050633,37.47576923076923
62,18,15,2,20,2,3,80,65,,35.3,34.6,35.7,50.81868131868132,58.30566666666657,46.21666666666667,41.75831460674152,40.12068965517241,39.17837209302323,44.517857142857146,39.41867469879515,47.463855421686745,26.032804878048793,44.4625,32.88367088607595
63,22,2,1,20,22,10,80,65,,35,34,34.7,50.37096774193548,61.32353260869559,40.553763440860216,44.91836956521739,40.0,38.80999999999995,45.247126436781606,40.235581395348824,51.75903614457831,55.24292682926823,48.30864197530864,40.72437500000002
64,2,21,23,10,4,5,80,65,,35.4,34.9,35.7,45.74226804123711,33.4104166666667,49.86413043478261,40.85549450549449,48.37640449438202,44.35454545454542,46.443820224719104,41.24301136363637,50.27906976744186,37.470823529411796,48.25925925925926,31.30675000000003
65,14,15,12,16,11,0,80,65,,35.8,35.1,34.8,50.26020408163265,53.54061855670095,49.037234042553195,41.294946236559156,48.96195652173913,42.64340659340659,44.79775280898876,39.67761363636361,51.02298850574713,51.393488372092996,40.0,37.150240963855424
66,16,10,24,15,21,19,80,65,,35.5,34.6,34.4,50.59239130434783,60.73032967032965,49.2752808988764,44.62602272727278,48.410714285714285,45.223090909090914,45.21176470588235,40.987619047619056,51.85625,51.987468354430405,49.77564102564103,37.85532467532471
67,15,14,20,15,7,14,80,65,,35.7,34.7,35.1,51.138888888888886,52.23101123595507,50.061797752808985,43.47034090909088,49.395348837209305,45.832117647058794,45.291666666666664,40.23072289156625,50.396341463414636,47.396913580246895,52.55696202531646,39.03346153846151
68,4,22,12,2,1,12,80,65,,35.9,35.4,35.3,48.564516129032256,36.464673913043505,50.32386363636363,49.987586206896566,48.98275862068966,41.71662790697673,40.0,39.22999999999996,45.51234567901235,32.315250000000006,52.6025641025641,41.349090909090926
69,11,18,21,9,7,10,80,65,,35.7,34.8,35.4,50.589473684210525,54.676914893616974,49.55978260869565,39.734505494505555,50.44252873563219,48.955348837209314,44.50574712643678,41.61232558139535,50.11309523809524,48.31963855421687,52.098765432098766,40.39512499999999
70,23,21,6,3,8,14,80,65,,35.3,33.9,34.7,51.10227272727273,64.08965517241371,49.01162790697674,48.34611764705885,44.0,39.03285714285711,40.0,39.22024096385539,51.44512195121951,52.47432098765431,49.60897435897436,40.15220779220779
71,0,8,23,16,22,2,80,65,,35,34.6,34.9,40.0,34.92561224489798,49.86842105263158,47.26808510638298,48.53260869565217,45.57208791208789,44.044444444444444,40.51831460674156,50.94827586206897,50.05755813953487,40.44047619047619,37.45650602409638
72,10,7,8,18,20,16,80,65,,36.3,34.8,35.4,50.915789473684214,45.95680851063828,49.141304347826086,36.443516483516504,45.75555555555555,39.95415730337077,44.132183908045974,40.00325581395345,51.398809523809526,54.28963855421686,47.09756097560975,38.51592592592593
73,15,12,22,13,18,16,80,65,,35.5,34.7,35.1,49.74747474747475,56.24153061224486,48.59278350515464,40.383541666666694,49.354838709677416,46.50081521739127,44.483695652173914,40.17461538461537,51.0,48.774831460674136,49.05263157894737,37.56063829787235
74,11,12,8,21,3,15,80,65,,35.8,35.6,35.5,50.32142857142857,54.76886597938134,49.15625,38.98178947368422,48.71195652173913,43.701208791208785,45.49431818181818,39.610919540229865,47.77325581395349,34.79547058823531,52.00632911392405,43.63115384615384
75,20,13,19,6,10,12,80,65,,35.5,34.9,34.7,50.348958333333336,58.8761052631578,48.06315789473684,42.37276595744683,48.862637362637365,46.76611111111111,42.06741573033708,40.03829545454544,50.765060240963855,56.34292682926829,49.4875,39.95430379746837
76,5,6,9,4,8,13,80,65,,36.1,34.7,35,50.306451612903224,38.16413043478262,48.888888888888886,36.0420224719101,48.52873563218391,45.2931395348837,40.04705882352941,39.20666666666663,50.94578313253012,50.74402439024386,49.98125,38.836202531645604
77,7,5,6,2,14,3,80,65,,35.7,33.7,34.9,48.94761904761905,45.82307692307689,45.73,34.2158585858586,45.041666666666664,39.11789473684208,40.0,39.16929411764702,51.98780487804878,48.38382716049382,44.35443037974684,34.52038461538461
78,1,16,0,22,22,14,80,65,,35.7,34.4,34.7,42.47,33.20050505050508,49.31443298969072,45.28947916666664,40.0,38.80999999999995,44.36363636363637,39.84999999999998,51.72093023255814,50.06517647058821,48.825301204819276,36.15024390243905
79,14,17,24,1,13,11,80,65,,35.7,34.7,34.9,50.242105263157896,54.88914893617014,49.97872340425532,43.74258064516127,46.916666666666664,43.59567796610167,40.0,39.82569767441858,51.294117647058826,49.28904761904761,50.701219512195124,37.19604938271609
80,19,18,11,22,15,24,80,65,,35.4,34.4,35,50.145833333333336,57.729157894736744,46.82083333333333,39.342016806722626,48.67977528089887,42.78590909090913,44.311764705882354,39.5040476190476,51.31547619047619,50.1802409638554,51.68421052631579,46.0394642857143
81,18,17,18,1,16,5,80,65,,35.9,35,35.6,50.59574468085106,56.558655913978434,49.94021739130435,40.608021978022,46.80769230769231,41.086222222222204,40.0,39.035287356321795,51.23529411764706,51.352380952380905,42.648148148148145,37.93575000000001
82,10,1,19,23,7,9,80,65,,35.8,35.2,35.8,51.45263157894737,46.65723404255319,43.016304347826086,33.622857142857164,49.75555555555555,46.21741573033706,44.258823529411764,40.03619047619046,51.395348837209305,45.69776470588235,49.048780487804876,41.3483950617284
83,10,6,19,15,13,8,80,65,,35.6,34.8,35.1,51.51052631578948,51.85861702127659,47.233695652173914,36.61148351648354,49.5,46.1331395348837,44.9080459770115,40.2267441860465,51.410714285714285,50.944819277108444,51.95061728395062,40.289250000000024
84,6,14,7,14,3,8,80,65,,36.2,35.4,35.9,51.05494505494506,48.9432222222222,50.57865168539326,43.52488636363638,46.93604651162791,43.43388235294121,45.345238095238095,39.0736144578313,48.853658536585364,33.020864197530855,51.5,41.275128205128226
85,14,13,4,14,15,19,80,65,,35.7,34.2,35.2,50.63157894736842,54.09053191489358,49.994623655913976,41.8291304347826,42.83888888888889,39.34213483146064,45.20454545454545,38.80999999999995,51.04651162790697,49.90341176470588,51.73170731707317,41.01962962962965
86,19,16,7,8,12,7,80,65,,35.6,34.8,35.1,50.98947368421052,58.856489361702,49.53191489361702,44.405376344086065,45.95108695652174,43.042747252747255,44.65555555555556,39.183370786516825,50.93103448275862,48.43011627906978,51.207317073170735,38.46444444444446
87,12,23,14,10,2,17,80,65,,35.9,35.7,35.8,50.05612244897959,51.950618556700974,51.061797752808985,48.87613636363635,47.44252873563219,40.48186046511628,44.54705882352941,39.52285714285712,46.65853658536585,27.998024691358033,50.74050632911393,39.08794871794872
88,23,10,23,24,1,19,80,65,,35.2,35.1,36.1,50.86021505376344,66.09152173913039,45.31521739130435,50.31846153846149,50.0919540229885,47.49220930232556,45.233870967741936,40.63377049180327,43.86470588235294,30.36261904761905,51.75625,43.83886075949369
89,17,21,11,24,5,12,80,65,,35.7,35.4,35.8,51.641304347826086,55.67406593406593,50.44444444444444,40.697415730337056,48.87640449438202,43.7388636363636,45.450819672131146,40.43916666666666,49.06547619047619,34.855240963855465,51.8,39.175063291139274
90,9,1,2,1,6,1,80,65,,35.8,34.6,35.1,51.88709677419355,52.4613043478261,42.527472527472526,35.95111111111115,40.40340909090909,39.0036781609195,40.0,39.317294117647016,50.17261904761905,45.769879518072344,40.1,30.631708860759485
91,13,19,7,13,9,15,80,65,,35.7,34.6,34.8,50.85164835164835,56.918222222222155,50.17045454545455,42.35436781609197,45.08045977011494,40.764418604651155,43.94578313253012,38.96268292682923,51.43292682926829,52.77024691358023,49.083333333333336,37.222727272727305
92,5,8,8,16,12,4,80,65,,35.8,34.5,35,50.06565656565657,39.728061224489835,48.75,44.158659793814444,48.625,46.712967032967036,45.16111111111111,39.79573033707863,50.73837209302326,47.403294117647064,43.77238805970149,29.197669172932315
93,7,18,15,9,1,18,80,65,,36,35.5,35.7,51.15625,48.07652631578946,49.569148936170215,42.49322580645162,47.875,43.30131868131869,44.97752808988764,41.01295454545454,42.63095238095238,28.063012048192792,51.4746835443038,42.16910256410256
94,19,1,17,7,16,9,80,65,,35.5,34.7,35,51.03763440860215,60.43249999999991,41.19565217391305,45.63923076923077,49.04022988505747,44.893255813953466,41.872093023255815,39.83352941176469,51.54819277108434,50.051585365853654,51.71518987341772,42.15115384615387
95,18,13,22,11,3,6,80,65,,35.2,35,36.2,51.20879120879121,58.50422222222213,45.45,43.54606741573034,49.672413793103445,48.63441860465116,44.38953488372093,41.78329411764707,47.102409638554214,37.99536585365853,49.54938271604938,34.32337500000001
96,21,13,5,20,23,1,80,65,,35.4,34.4,34.9,50.747252747252745,60.979666666666574,47.08988764044944,44.967727272727274,43.752873563218394,40.54034883720931,45.475903614457835,39.22951219512193,52.17283950617284,54.11524999999998,40.0,38.331012658227856
97,20,19,20,3,23,1,80,65,,35.2,34.3,34.7,50.67894736842105,57.60989361702118,48.51075268817204,44.15010869565217,48.69101123595506,45.87795454545454,40.0,39.778255813953464,52.04819277108434,51.01682926829264,40.0,36.929629629629645
98,20,9,1,0,8,8,80,65,,34.6,33.8,34.6,50.65217391304348,60.0565934065933,48.62359550561798,45.35886363636362,40.3125,38.80999999999995,40.0,39.1080952380952,51.46913580246913,50.75412500000001,48.86708860759494,36.1297435897436
99,19,12,0,15,6,18,80,65,,35,34,35.7,50.22631578947368,54.88441489361693,48.10752688172043,40.30260869565222,40.0,39.04044444444441,44.05681818181818,39.255862068965484,49.99411764705882,42.30238095238096,52.22222222222222,44.10437499999999
100,22,23,18,7,11,7,80,65,,35,34.3,35.2,50.24226804123711,57.675104166666564,49.069148936170215,45.1887096774193,47.047872340425535,40.7602150537634,42.596774193548384,40.25391304347824,50.16483516483517,48.66944444444442,48.5,37.807267441860496
101,9,5,2,9,17,21,80,65,,35.9,34.5,35.7,46.36390532544379,39.53684523809513,42.875757575757575,28.92472560975608,40.0,38.85809815950931,42.201863354037265,40.58306250000012,46.25796178343949,35.630128205128074,44.96078431372549,31.206644736842094
102,14,3,20,4,22,19,80,65,,36.2,35.2,35.1,51.28888888888889,54.10134831460667,44.25568181818182,36.8889655172414,48.688235294117646,43.8527380952381,40.67261904761905,38.97036144578309,52.68125,55.0440506329114,50.90506329113924,39.932948717948726
103,2,8,5,5,18,22,80,65,,35.4,34.7,35.5,45.806451612903224,36.48250000000002,48.56111111111111,49.07573033707864,43.98295454545455,42.1293103448276,40.55232558139535,38.99858823529408,52.1280487804878,49.04296296296296,52.575949367088604,47.431666666666715
104,20,15,11,23,5,14,80,65,,35.8,35.3,35.9,50.52150537634409,61.72945652173903,47.255434782608695,46.27626373626369,48.27777777777778,42.644494382022465,45.19186046511628,39.436352941176445,50.68452380952381,39.29915662650605,52.848101265822784,41.62653846153847
105,4,17,12,22,3,10,80,65,,36.3,35.7,35.9,49.96195652173913,36.29351648351652,50.56741573033708,44.902159090909116,49.38505747126437,43.42302325581395,45.33132530120482,39.7271951219512,47.3719512195122,34.651851851851866,52.2,40.37075949367088
106,2,17,13,1,6,3,80,65,,36.1,35.2,35.3,47.33516483516483,35.693666666666665,50.01685393258427,45.71727272727277,49.924418604651166,41.820823529411776,40.0,38.94999999999996,50.22560975609756,44.62518518518515,44.94303797468354,32.164743589743594
107,14,24,18,1,13,3,80,65,,35.5,34.9,34.9,50.441489361702125,59.171720430107435,48.83582089552239,47.9787878787879,50.2247191011236,46.6169318181818,40.0,40.58683908045976,51.3,47.70238095238093,43.13414634146341,35.04777777777779
108,12,2,13,14,22,22,80,65,,35.7,35.1,34.9,51.083333333333336,55.81932584269663,42.2752808988764,38.13011363636369,49.46511627906977,43.77847058823531,44.154761904761905,39.27204819277105,52.8625,53.41962025316454,51.87662337662338,41.49500000000001
109,2,11,3,19,4,3,80,65,,35.8,34.8,35.4,48.78260869565217,33.35901098901102,50.15,36.888314606741545,41.38202247191011,40.600568181818154,45.55357142857143,39.52192771084335,49.63855421686747,35.69134146341466,45.11875,30.34803797468354
110,22,1,8,21,23,5,80,65,,35.4,34.8,34.8,51.13636363636363,68.22160919540224,40.0,47.84344827586208,48.06470588235294,40.922857142857126,46.1280487804878,39.80061728395061,52.5126582278481,53.97525641025637,45.09493670886076,37.3497435897436
111,4,5,20,9,5,11,80,65,,35.3,35.2,35.8,49.32258064516129,41.4076086956522,46.12777777777778,28.418764044943845,49.906976744186046,47.479764705882324,45.383720930232556,43.489176470588205,50.160714285714285,38.704337349397576,51.129629629629626,39.06824999999999
112,12,17,13,18,14,24,80,65,,35.8,34.9,35.1,50.3936170212766,54.966236559139794,50.24731182795699,41.98652173913047,48.42857142857143,43.82211111111113,45.0,39.30022988505744,51.26190476190476,49.5657831325301,51.51724137931034,44.79087719298247
113,5,1,19,11,3,6,80,65,,35.3,35.4,36.2,52.03260869565217,39.68208791208793,40.027472527472526,23.395333333333344,49.14942528735632,46.574883720930195,45.33529411764706,41.73083333333333,49.45180722891566,34.237073170731726,49.0625,32.47746835443038
114,17,7,8,17,20,19,80,65,,35.7,35,35.3,50.692708333333336,57.91947368421044,46.391304347826086,43.75285714285718,47.793103448275865,40.670639534883726,44.870588235294115,39.2710714285714,51.896341463414636,51.04641975308641,51.677215189873415,39.82320512820513
115,18,9,22,8,7,10,80,65,,35.5,34.8,35.6,51.325842696629216,59.902613636363526,49.1875,43.362068965517224,49.56547619047619,45.99626506024096,45.958333333333336,40.91096385542169,50.76829268292683,48.53098765432101,51.848101265822784,40.81141025641026
116,16,20,19,23,14,17,80,65,,35.5,35,35.4,51.03260869565217,56.62142857142853,50.40449438202247,47.6432954545455,49.27272727272727,45.486781609195404,45.583333333333336,40.21590361445783,51.31325301204819,50.01256097560971,51.8,40.37177215189877
117,11,13,14,10,10,21,80,65,,35.6,34.9,35,50.80434782608695,52.32835164835162,50.2752808988764,41.00397727272728,48.91954022988506,42.062674418604665,46.09411764705882,39.87809523809521,51.48170731707317,52.679876543209865,52.785714285714285,43.511973684210524
118,10,7,16,3,11,21,80,65,,35.7,34.8,34.9,49.695238095238096,50.743173076923036,47.29126213592233,42.67156862745099,48.222772277227726,44.9202,40.0,39.51326530612242,50.170212765957444,46.83204301075264,50.955555555555556,42.55134831460678
119,22,16,4,4,21,6,80,65,,35.2,34,34.6,51.21264367816092,65.74668604651156,46.604651162790695,49.585882352941134,42.76470588235294,39.70952380952379,40.144578313253014,38.80999999999996,52.46835443037975,50.990512820512876,47.3525641025641,35.91116883116885
120,14,0,20,4,1,9,80,65,,35.6,35.2,35.4,50.747368421052634,51.54053191489354,40.0,35.85775280898879,49.298850574712645,44.83488372093024,40.56976744186046,40.00352941176469,44.8855421686747,32.20548780487804,52.38125,42.35139240506328
121,15,1,10,17,10,13,80,65,,36.3,35.3,35.7,50.97849462365591,50.134891304347754,42.01111111111111,36.082359550561826,47.83522727272727,41.54356321839081,44.122093023255815,38.80999999999996,51.13855421686747,55.60195121951216,46.28395061728395,40.80275
122,12,9,18,15,22,17,80,65,,35.9,35.1,35.1,50.83152173913044,56.324725274725296,50.0,40.543258426966325,49.63793103448276,44.499534883720926,44.80813953488372,39.96635294117646,52.201219512195124,49.34320987654324,52.379746835443036,40.14500000000002
123,8,20,7,2,10,6,80,65,,35.9,34.8,35,55.18571428571428,61.93753623188404,49.57065217391305,43.749230769230806,45.80769230769231,39.763333333333314,40.0,39.01275862068962,51.07142857142857,52.09349397590362,43.96913580246913,38.39062499999997
124,17,14,5,6,17,3,80,65,,35.2,33.7,35.2,51.223404255319146,55.838387096774206,45.96153846153846,41.41700000000002,42.11797752808989,39.488124999999975,40.91279069767442,38.91376470588231,51.524096385542165,49.937317073170775,42.41975308641975,35.90687500000002
125,21,0,2,9,9,23,80,65,,35,34,34.6,50.99444444444445,61.44865168539316,40.0,44.752272727272775,40.21511627906977,38.80999999999996,45.01204819277108,40.62512195121951,51.72839506172839,53.46181249999997,50.421052631578945,42.315466666666694
126,2,19,18,4,24,13,80,65,,36.1,35.2,34.6,45.54705882352941,32.2054761904762,50.31547619047619,36.51397590361448,48.976470588235294,44.42761904761906,40.411764705882355,39.411071428571404,51.3,49.04500000000006,51.48255813953488,41.911529411764725
127,15,21,23,17,3,15,80,65,,35.5,34.9,35.8,50.84615384615385,59.3968888888889,50.1875,47.17103448275864,50.67058823529412,50.51238095238092,44.61764705882353,42.32285714285711,48.096385542168676,34.46792682926829,52.48101265822785,43.113974358974396
128,18,18,12,0,7,1,80,65,,35.7,34.9,35.1,50.96774193548387,57.10989130434776,50.17777777777778,42.058426966292146,49.00568181818182,41.92275862068964,40.0,38.91883720930228,52.24096385542169,42.41768292682929,41.45061728395062,29.949999999999996
129,12,6,24,5,19,19,80,65,,35,34.4,35.3,51.096774193548384,54.984239130434695,48.14835164835165,39.15200000000002,49.86607142857143,48.84345454545453,40.36046511627907,42.527588235294076,52.355421686746986,50.175121951219495,50.91139240506329,41.45564102564106
130,11,23,10,1,21,12,80,65,,35.7,34.8,34.9,51.0989010989011,53.86344444444441,50.45977011494253,45.9090697674419,49.22093023255814,45.38388235294119,40.0,39.125783132530074,52.98125,48.815063291139246,52.0253164556962,38.09858974358973
131,7,1,11,15,0,14,80,65,,36.2,36,36.2,51.857142857142854,47.30077777777775,40.0,30.019545454545483,47.68023255813954,41.607294117647086,44.273809523809526,39.37180722891563,40.0,24.779750000000014,49.85,36.507721518987346
132,21,5,2,16,12,19,80,65,,35.4,34.1,35.6,51.28409090909091,62.45942528735622,42.44252873563219,48.94465116279066,40.0,39.02253012048189,45.25903614457831,39.148902439024354,51.82716049382716,49.577375,52.20779220779221,42.29473684210527
133,4,7,21,1,19,24,80,65,,36.2,35.3,35.4,50.57865168539326,35.83693181818183,49.75581395348837,40.03411764705883,49.06024096385542,43.904634146341486,40.0,39.11573170731704,52.892405063291136,50.84884615384616,52.339622641509436,46.033461538461516
134,24,6,14,1,18,6,80,65,,35.6,35,34.7,50.5,65.26507936507933,43.48850574712644,53.052790697674375,50.04705882352941,42.96166666666664,40.0,39.04365853658533,52.55128205128205,50.23662337662338,49.86538461538461,33.9261038961039
135,12,5,14,6,18,14,80,65,,35.6,34.9,35,51.44886363636363,51.47517241379306,45.03488372093023,37.239882352941216,50.904761904761905,44.494156626506005,40.646341463414636,39.158148148148115,52.949367088607595,51.02025641025641,52.16233766233766,37.14710526315791
136,16,10,8,20,10,3,80,65,,35.8,34.8,34.8,51.142857142857146,56.469499999999954,49.247191011235955,41.66681818181822,49.40588235294118,44.24059523809521,45.19753086419753,39.38662499999998,52.25316455696203,52.060256410256414,43.107594936708864,36.51641025641027
137,14,3,19,12,19,21,80,65,,35.3,34.6,35.1,51.68539325842696,53.33613636363628,44.72159090909091,40.9731034482759,50.40588235294118,46.25690476190474,45.80722891566265,40.43926829268292,53.0875,51.34620253164559,51.973684210526315,42.2422666666667
138,8,18,15,12,10,2,80,65,,35.8,35.2,34.7,52.467032967032964,52.57055555555552,50.35795454545455,42.670229885057495,49.31976744186046,42.86647058823529,45.23780487804878,39.49691358024688,51.833333333333336,52.571625,40.32051282051282,37.41779220779224
139,10,8,13,7,3,2,80,65,,35.8,35.2,35.5,52.17045454545455,54.143333333333345,50.71511627906977,44.24658823529411,49.910714285714285,44.06987951807229,43.23170731707317,39.2101234567901,47.69135802469136,31.855500000000013,41.22435897435897,26.715064935064976
140,0,19,3,12,16,18,80,65,,35.5,34.6,35.3,40.0,34.63771739130433,50.31609195402299,48.45790697674417,41.98235294117647,39.542023809523776,45.07831325301205,39.6312195121951,51.99375,52.12468354430379,50.17307692307692,40.00792207792208
141,19,3,8,15,14,9,80,65,,35.6,35,35,50.92134831460674,57.76261363636354,42.62359550561798,43.76534090909091,49.05747126436781,41.86662790697673,45.67857142857143,39.50289156626503,51.89156626506024,52.05365853658533,51.7875,42.82240506329117
142,7,12,3,1,11,22,80,65,,35.7,34.3,35.4,51.5,46.94899999999998,49.70786516853933,39.30659090909093,40.87356321839081,39.242674418604615,40.0,39.072588235294084,51.5722891566265,50.615365853658524,52.42307692307692,46.2496103896104
143,9,8,1,18,11,3,80,65,,35.9,34.3,34.8,52.40449438202247,55.34397727272722,51.924418604651166,39.51364705882353,40.0,38.80999999999996,44.579268292682926,39.29246913580245,52.25308641975309,49.22799999999999,42.756410256410255,34.546753246753234
144,7,19,7,3,20,6,80,65,,35.8,34.7,34.8,51.752808988764045,51.75318181818179,50.61494252873563,49.73906976744184,45.73255813953488,41.60329411764704,40.04819277108434,38.867073170731665,52.725,50.78088607594938,46.58974358974359,36.640259740259744
145,20,16,23,10,23,22,80,65,,35.2,34.6,35,51.28977272727273,62.87942528735625,48.43023255813954,50.061058823529414,50.396341463414636,46.85135802469131,45.26829268292683,41.7988888888889,52.91025641025641,51.7465584415585,52.96666666666667,44.88891891891892
146,1,18,9,10,2,15,80,65,,35.6,35.4,35.5,43.85795454545455,32.850804597701156,50.72352941176471,47.21238095238097,50.28313253012048,48.34439024390248,47.32098765432099,40.729375,45.45625,27.75784810126584,51.8974358974359,44.84909090909089
147,14,20,12,22,13,20,80,65,,35.7,34.9,35.1,50.59239130434783,58.46934065934069,50.44318181818182,45.097126436781636,49.14942528735632,41.94930232558137,45.86144578313253,39.624268292682906,51.53012048192771,49.81695121951221,52.0,44.12506329113926
148,11,21,16,16,2,13,80,65,,35.8,35.2,35.6,51.05263157894737,49.39670212765948,50.0989010989011,46.44788888888891,49.55357142857143,45.000963855421666,45.21341463414634,40.16358024691357,45.39375,28.691265822784835,51.8525641025641,41.93272727272726
149,11,9,6,2,19,8,80,65,,35.7,34.4,34.9,51.80113636363637,55.810344827586185,50.622093023255815,43.8349411764706,45.629411764705885,39.90976190476189,40.0,39.16249999999996,52.70779220779221,53.22973684210528,50.901315789473685,49.876933333333284
150,4,20,14,6,0,11,80,65,,36.2,35.5,35.7,51.09659090909091,40.86919540229891,51.04705882352941,50.56583333333333,49.71176470588235,43.76392857142857,40.910714285714285,39.05530120481924,40.0,26.90137500000003,52.13291139240506,40.365641025641004
151,6,19,2,15,6,10,80,65,,36.3,35.1,36.1,51.148936170212764,39.77720430107531,50.54494382022472,44.70204545454546,40.0,38.90333333333329,43.73170731707317,39.261790123456755,50.60493827160494,46.76537499999999,49.78481012658228,38.73160256410255
152,4,14,16,10,17,12,80,65,,36,35.2,35.4,49.579787234042556,38.289139784946265,50.252747252747255,43.944333333333326,47.11363636363637,40.543793103448266,45.04022988505747,39.51476744186045,51.607142857142854,49.95301204819272,49.53012048192771,36.426585365853704
153,10,11,1,14,21,16,80,65,,35.9,34.2,35,51.29347826086956,57.04472527472515,49.747191011235955,43.82238636363633,40.0,38.80999999999995,45.50595238095238,39.48457831325299,52.70625,50.507848101265836,52.21153846153846,42.63129870129873
154,21,17,22,22,18,23,80,65,,35.5,34.7,35.1,51.02777777777778,63.18426966292125,48.09550561797753,48.7679545454545,49.30120481927711,45.055,46.32098765432099,40.248874999999984,52.7875,50.51822784810127,53.0,47.316533333333346
155,1,23,6,5,12,0,80,65,,35.6,34.4,34.9,42.17741935483871,34.92260869565221,50.14204545454545,49.05839080459768,45.01136363636363,39.24678160919537,40.94767441860465,39.48247058823527,51.62048192771084,47.72121951219507,40.0,31.678624999999993
156,11,22,19,13,4,9,80,65,,35.5,35.3,35.8,43.620879120879124,36.64533333333337,49.93103448275862,51.52151162790698,50.0,46.33447058823526,45.166666666666664,40.06084337349396,50.073170731707314,36.810370370370386,51.12658227848101,37.07435897435899
157,1,20,8,6,7,18,80,65,,35.5,34.9,35.5,43.477777777777774,35.266629213483135,50.27325581395349,48.01799999999998,48.298850574712645,44.9756976744186,40.77058823529412,39.59809523809521,51.4390243902439,49.12061728395061,50.81645569620253,40.17525641025643
158,2,17,20,4,8,20,80,65,,36,35.5,35.1,44.78089887640449,35.413068181818204,50.724137931034484,42.33290697674419,48.19642857142857,43.30506024096383,40.048780487804876,39.157777777777746,49.96875,54.36594936708857,49.435064935064936,41.376447368421076
159,3,7,4,6,4,10,80,65,,35.8,35.1,36.2,48.1505376344086,35.015869565217415,50.65934065934066,40.37388888888889,44.01704545454545,39.651954022988484,41.083333333333336,39.578674698795155,49.0,37.52654320987656,52.424050632911396,42.971410256410245
160,8,20,9,11,24,18,80,65,,35.9,35.2,35,51.582417582417584,56.67711111111111,50.45505617977528,45.2621590909091,48.38505747126437,45.52651162790699,44.51204819277108,40.85060975609756,51.910714285714285,53.91199999999998,51.30769230769231,39.33272727272729
161,6,6,17,15,15,15,80,65,,36.3,35.2,35.3,50.45161290322581,43.380217391304356,48.81111111111111,34.693370786516844,49.48863636363637,44.03999999999999,45.72674418604651,39.856235294117624,51.963855421686745,48.53170731707317,52.12658227848101,43.3097435897436
162,20,22,18,8,17,23,80,65,,35.5,34.9,35.1,50.66847826086956,64.80582417582414,49.30555555555556,46.54387640449438,49.39887640449438,45.73602272727269,44.14772727272727,40.517126436781595,51.975,50.512278481012665,52.76315789473684,43.74799999999998
163,20,8,17,18,3,21,80,65,,35.2,34.9,35.5,50.76086956521739,57.681538461538395,49.75,47.62120879120874,49.88333333333333,44.6623595505618,45.4080459770115,39.63418604651161,47.02906976744186,37.92294117647058,52.15625,48.59708860759496
164,24,4,16,23,14,12,80,65,,35.1,34.6,35,50.734375,58.8198412698412,42.86931818181818,45.611149425287344,49.911764705882355,43.90196428571427,45.901234567901234,39.94099999999999,51.51829268292683,47.99679012345676,51.88125,38.90550632911394
165,15,18,21,20,15,5,80,65,,35.4,34.6,34.8,51.36516853932584,54.534772727272724,48.99431818181818,39.22264367816094,51.05882352941177,50.10857142857145,46.43975903614458,41.35682926829267,52.0722891566265,46.85878048780487,48.424050632911396,34.08320512820514
166,19,2,17,19,6,5,80,65,,35.7,34.9,35.7,50.44505494505494,56.426666666666605,40.62921348314607,40.01090909090913,46.55113636363637,40.543678160919534,43.470238095238095,39.35662650602407,49.76829268292683,45.39530864197534,44.58974358974359,31.254935064935047
167,17,14,19,21,19,1,80,65,,35.7,34.9,34.8,51.63483146067416,57.26852272727267,47.593023255813954,42.51800000000003,50.30487804878049,45.47234567901237,45.54430379746835,39.72621794871793,52.532051282051285,52.41025974025973,45.53179190751445,33.96488372093026
168,19,15,15,13,20,10,80,65,,35.2,34.6,34.6,49.5735294117647,55.28623762376224,47.065,43.59828282828283,49.138297872340424,42.564623655913984,45.120879120879124,39.248444444444424,51.98850574712644,47.610232558139565,0.0,0.0
169,13,4,6,2,1,16,80,65,,35.5,35.1,35.8,51.20224719101124,50.63772727272724,48.41477272727273,36.03333333333336,43.59411764705882,39.34142857142854,40.0,39.03402439024387,43.29012345679013,25.099750000000018,51.03846153846154,37.934545454545486
170,10,14,12,0,4,6,80,65,,35.7,35.4,36.2,50.90526315789474,51.52787234042545,50.31720430107527,41.08836956521742,47.71111111111111,41.096292134831465,40.0,38.80999999999995,50.44117647058823,32.32702380952384,49.674698795180724,33.93536585365852
171,16,24,19,18,8,12,80,65,,35.5,34.7,35.6,49.52061855670103,54.8607291666666,48.895833333333336,44.01549295774654,46.670212765957444,41.19462365591395,43.266304347826086,39.18450549450546,51.06741573033708,47.95772727272724,46.80813953488372,36.23929411764704
172,6,3,9,10,3,21,80,65,,35.7,35.5,35.6,50.824742268041234,37.06562500000003,45.43684210526316,28.60851063829787,48.79032258064516,46.59728260869569,45.56043956043956,40.220333333333315,47.714285714285715,34.29734939759037,51.09411764705882,47.27726190476193
173,21,1,10,23,16,11,80,65,,35.5,34.9,35.1,50.33870967741935,62.92521739130428,40.0,51.020449438202206,50.07471264367816,44.515581395348825,46.07738095238095,40.00373493975902,52.46341463414634,47.35370370370371,52.28481012658228,38.214743589743584
174,5,0,5,7,6,8,80,65,,35.9,35,35.7,52.62222222222222,36.27078651685395,40.0,23.448505747126433,43.55882352941177,40.62857142857142,42.9277108433735,41.81097560975609,50.148148148148145,40.77749999999998,51.563291139240505,45.23576923076923
175,19,7,16,21,12,13,80,65,,35.5,34.7,34.9,51.10344827586207,65.52180232558139,45.16279069767442,46.39505882352938,48.23529411764706,42.77053571428571,44.882716049382715,39.44662499999997,52.25625,52.09645569620253,50.29220779220779,37.301842105263184
176,13,15,15,1,24,9,80,65,,35.5,34.6,34.6,50.89887640449438,54.6642045454545,49.36363636363637,39.970459770114985,49.298850574712645,43.40406976744187,40.0,39.30060240963852,51.48245614035088,52.702857142857184,51.63461538461539,39.06714285714289
177,23,23,11,15,20,2,80,65,,35.3,34.7,34.7,51.31395348837209,62.52588235294112,49.57831325301205,49.02012195121953,48.535714285714285,44.403975903614494,43.858024691358025,38.941999999999965,52.78846153846154,48.2705194805195,41.44230769230769,33.996623376623404
178,16,6,12,9,15,18,80,65,,35,34.4,34.9,51.30769230769231,55.186333333333295,48.46111111111111,40.13853932584274,49.17613636363637,42.49637931034481,44.51162790697674,40.44541176470587,52.024096385542165,48.325000000000024,50.54320987654321,38.87137500000001
179,19,14,10,13,8,8,80,65,,35.3,34.7,35.3,50.666666666666664,58.0274999999999,47.74175824175824,43.32366666666667,50.23863636363637,44.549425287356335,45.151162790697676,39.326235294117616,51.470238095238095,50.22265060240964,51.924050632911396,42.613461538461536
180,23,12,3,14,11,15,80,65,,34.8,33.4,34.7,50.794444444444444,61.333707865168435,47.32022471910113,47.631818181818126,41.98863636363637,39.5662068965517,45.38823529411765,39.294047619047596,52.19879518072289,47.509512195121964,52.26875,40.76291139240511
181,3,11,9,14,8,11,80,65,,35.5,34.7,34.5,47.23684210526316,33.44047872340425,50.42134831460674,45.32079545454547,48.04651162790697,46.87870588235291,45.36309523809524,39.5180722891566,52.19512195121951,51.71987654320989,51.63461538461539,37.234025974026
182,23,4,3,2,6,7,80,65,,35.2,34,35.8,51.02777777777778,64.82629213483139,43.07303370786517,48.97909090909091,40.752873563218394,39.40627906976741,40.0,38.90560975609752,52.72839506172839,40.1685,50.221518987341774,42.430897435897435
183,4,5,1,22,12,11,80,65,,35.7,34.3,34.9,51.63068181818182,34.152643678160906,47.18604651162791,30.59588235294119,40.0,38.91238095238091,44.75308641975309,39.857249999999986,51.4320987654321,50.68487500000001,50.62820512820513,36.766493506493525
184,0,11,7,24,6,8,80,65,,35.6,35.3,36.1,40.0,33.724431818181806,50.627906976744185,41.57117647058827,43.476190476190474,43.172409638554214,43.99122807017544,39.99892857142855,51.03125,37.10569620253165,49.73684210526316,34.27006666666666
185,5,9,11,14,20,15,80,65,,35.9,35.4,35.2,49.71910112359551,38.80784090909091,50.35632183908046,45.14558139534885,48.629411764705885,42.69071428571428,45.3109756097561,39.62728395061726,52.6474358974359,52.67636363636362,51.142857142857146,39.33328947368421
186,22,10,21,8,7,4,80,65,,35.8,34.8,34.9,51.9,67.30845238095228,47.60588235294118,48.87976190476192,50.0,46.541125,45.042682926829265,40.46444444444444,51.833333333333336,47.40400000000004,46.36538461538461,31.49318181818181
187,17,19,16,0,4,14,80,65,,35.3,35.1,35.3,50.244680851063826,55.539247311827836,48.89673913043478,42.42120879120876,48.1,41.790449438202245,40.0,39.0352873563218,50.63529411764706,35.444047619047616,50.82098765432099,39.43550000000001
188,18,10,16,24,14,20,80,65,,35.5,34.8,34.9,49.505,57.1222222222222,48.265625,43.33378947368425,48.32065217391305,42.14285714285715,43.80952380952381,39.31483870967739,52.102409638554214,50.64658536585364,52.32666666666667,41.779729729729745
189,5,15,10,3,5,18,80,65,,36.2,35.5,35.6,50.725806451612904,41.88782608695657,50.138888888888886,43.24696629213483,49.21022727272727,42.00195402298848,40.122093023255815,39.07258823529408,50.09036144578313,39.192621951219515,52.20253164556962,41.36858974358972
190,20,19,19,4,0,8,80,65,,35.5,34.9,35.7,51.28409090909091,65.19103448275855,49.104651162790695,46.61105882352944,49.70238095238095,45.1757831325301,40.25609756097561,39.74827160493825,40.0,28.466250000000024,50.993589743589745,46.83116883116882
191,22,8,6,23,9,22,80,65,,35.7,34.1,35.4,50.56382978723404,57.17397849462357,49.420212765957444,42.36833333333336,42.19565217391305,39.19769230769227,44.47701149425287,39.26069767441857,51.31764705882353,53.2655952380952,48.50632911392405,38.97948717948718
192,0,12,3,13,20,15,80,65,,35.7,34.6,35.2,40.0,30.779569892473138,50.266666666666666,41.87730337078655,40.64367816091954,40.099186046511605,44.98809523809524,39.41867469879515,52.53125,50.28848101265823,51.765822784810126,39.169487179487206
193,3,23,1,2,16,10,80,65,,35.5,34,35,45.83870967741935,37.47782608695657,50.84090909090909,50.457011494252825,40.0,38.80999999999995,40.0,38.92529411764702,51.68452380952381,49.52903614457831,52.6875,40.74240506329117
194,9,2,0,11,0,5,80,65,,35.8,35.2,35.9,52.0,53.29206521739126,41.19230769230769,37.44822222222224,40.0,38.98818181818178,44.770114942528735,40.19739884393071,40.0,19.414578313253006,48.40506329113924,31.39910256410255
195,22,13,0,8,6,21,80,65,,35.1,34,35.6,50.88297872340426,59.640967741935405,45.903225806451616,44.56347826086953,40.0,38.897111111111066,0.0,0.0,49.5406976744186,41.65705882352948,51.53125,42.226835443037956
196,17,21,11,16,9,19,80,65,,35.4,34.2,35,51.16483516483517,59.06322222222223,50.67613636363637,42.390229885057465,45.98837209302326,41.83411764705883,45.029411764705884,38.97714285714282,51.44512195121951,52.06481481481487,51.68987341772152,41.174615384615386
197,5,13,19,7,10,0,80,65,,35.5,34.8,34.9,50.42783505154639,38.872395833333336,50.010989010989015,44.09488888888889,48.62643678160919,44.37744186046512,42.86046511627907,41.00447058823528,51.416666666666664,48.987831325301165,40.0,37.303670886075956
198,7,12,10,2,17,24,80,65,,35.7,34.7,34.7,51.329787234042556,51.402043010752685,49.977777777777774,43.13719101123596,49.53977272727273,43.86195402298853,40.0,38.92666666666663,52.01219512195122,47.97283950617283,50.22727272727273,39.26555555555556
199,21,23,17,20,9,4,80,65,,35.1,34.3,34.3,49.92,56.25444444444437,49.36082474226804,43.67520833333339,48.93298969072165,43.466770833333335,43.83870967741935,39.478043478260844,51.434065934065934,48.56505555555552,44.22727272727273,35.34390804597701
200,8,17,7,12,21,21,80,65,,35.5,34.2,34.8,50.93888888888889,54.44191011235956,50.54545454545455,40.77183908045976,45.122093023255815,40.22858823529411,44.30952380952381,38.866385542168636,52.1,48.91949367088608,51.48,39.718918918918945
201,18,6,14,19,15,22,80,65,,35.1,34.5,35.1,50.55913978494624,56.41597826086952,44.467032967032964,42.6101111111111,48.78651685393258,43.82818181818183,45.04651162790697,39.295941176470556,51.694117647058825,48.29357142857139,52.04375,46.056075949367084
202,14,7,14,13,18,15,80,65,,36.2,34.8,35.2,50.295918367346935,48.07989690721642,48.31578947368421,38.420957446808515,45.806451612903224,40.37472826086955,43.604395604395606,39.01411111111108,50.61931818181818,50.9764367816092,46.94117647058823,38.173571428571414
203,8,4,20,20,9,20,80,65,,35.7,34.7,35.4,51.354838709677416,56.185869565217374,43.824175824175825,38.63483333333338,49.724137931034484,45.773255813953476,45.13690476190476,40.546867469879516,51.1280487804878,52.032160493827156,51.94871794871795,41.27181818181819
204,6,20,1,10,16,20,80,65,,35.9,34.7,35.1,50.83516483516483,42.7697777777778,50.51685393258427,45.60284090909094,40.0,39.1596470588235,46.095238095238095,40.66457831325302,52.01219512195122,47.73086419753086,52.48026315789474,45.308399999999956
205,18,9,7,13,4,0,80,65,,35.9,34.8,34.9,51.362637362637365,57.24588888888884,48.125,47.50517241379314,43.27906976744186,47.24788235294114,44.75,40.92975903614456,49.1890243902439,38.88456790123458,40.0,25.649746835443043
206,0,4,13,22,10,12,80,65,,35.2,34.7,35.2,40.0,29.407865168539303,50.48295454545455,27.842298850574725,48.11176470588235,43.17714285714288,45.90243902439025,40.183827160493806,51.859756097560975,52.14222222222224,48.65822784810127,36.942435897435885
207,17,0,6,9,16,11,80,65,,35.5,34.2,35,50.46808510638298,56.76806451612896,40.0,40.60461538461539,45.32222222222222,40.503370786516854,45.39080459770115,44.347325581395346,52.44117647058823,48.531666666666645,52.53703703703704,40.21887500000003
208,8,14,18,10,22,14,80,65,,35.2,34.4,34.9,51.43617021276596,52.45838709677412,47.52777777777778,36.49101123595511,49.25,45.39917647058825,45.872093023255815,40.855647058823536,52.48170731707317,51.460617283950626,52.09375,40.663037974683554
209,0,6,0,17,18,12,80,65,,35.2,33.9,34.8,40.0,27.75344086021503,48.70652173913044,41.21197802197804,40.0,39.183636363636325,45.76162790697674,39.33894117647056,52.035714285714285,47.33277108433739,52.26543209876543,39.83125000000002
210,9,3,7,8,4,7,80,65,,35.6,35,35.9,51.833333333333336,51.9384269662921,44.747126436781606,36.201395348837224,44.92941176470588,41.62654761904763,45.3433734939759,41.36109756097562,50.726618705035975,44.66297101449275,50.92948717948718,40.448311688311726
211,17,5,7,4,24,13,80,65,,35.9,34.6,35.1,50.625,50.45368421052623,45.12903225806452,38.49304347826085,44.34065934065934,41.478888888888875,40.60674157303371,39.13045454545451,0.0,0.0,46.044871794871796,41.988441558441586
212,23,3,5,1,19,13,80,65,,35.3,33.8,35,51.41573033707865,64.43727272727266,40.85227272727273,49.20666666666663,43.81395348837209,39.07429411764702,40.0,38.94674698795177,52.27160493827161,49.40074999999996,52.08227848101266,38.65653846153845
213,15,17,19,8,12,22,80,65,,35.2,34.4,35,51.3936170212766,53.38978494623651,49.324175824175825,37.584444444444486,48.60795454545455,45.16057471264367,43.793103448275865,40.1449418604651,51.279761904761905,49.19771084337348,52.506410256410255,45.78779220779221
214,4,23,11,8,16,10,80,65,,36.1,35.1,35.1,48.52127659574468,36.388870967741966,50.083333333333336,48.498764044943805,47.37222222222222,42.603483146067425,43.3448275862069,39.165116279069736,50.56470588235294,47.45035714285714,49.798780487804876,36.33938271604938
215,11,19,19,9,11,19,80,65,,35.2,34.6,35.1,50.72043010752688,57.21184782608693,50.016666666666666,47.523707865168504,49.83522727272727,47.34689655172412,45.09770114942529,41.999302325581404,50.694117647058825,50.67214285714291,52.611111111111114,41.75637499999999
216,18,9,23,14,10,23,80,65,,35.1,34.1,34.8,51.853932584269664,60.78374999999998,48.764367816091955,45.67779069767444,50.25,48.99327160493825,45.22560975609756,41.39728395061726,51.6375,50.107215189873415,53.04666666666667,46.70527027027027
217,11,14,17,1,21,18,80,65,,35.4,34.4,34.7,50.355,49.765151515151466,49.78021978021978,40.45399999999999,49.18181818181818,44.963218390804585,40.0,39.51172413793101,52.01219512195122,49.89679012345677,52.322784810126585,43.87717948717951
218,6,12,12,2,17,13,80,65,,35.6,34.7,35,52.07608695652174,42.154945054945024,50.00561797752809,43.89079545454546,48.91379310344828,42.83145348837209,40.0,38.99630952380949,51.73456790123457,46.813249999999975,51.81875,37.884050632911425
219,20,11,19,3,8,13,80,65,,35.2,34.4,35,51.22727272727273,62.31114942528727,47.7183908045977,48.27488372093027,50.38690476190476,46.00650602409639,40.023809523809526,40.09433734939757,52.05,49.827974683544305,52.47435897435897,38.0914285714286
220,6,3,20,20,1,11,80,65,,35.2,34.9,35.9,53.01123595505618,35.235909090909075,44.86931818181818,32.76586206896553,50.48823529411764,48.07654761904761,44.82098765432099,41.283249999999995,44.51234567901235,29.30325,52.82051282051282,42.29480519480521
221,20,4,7,18,13,2,80,65,,35.6,34.3,35.2,50.310526315789474,55.039042553191415,42.45161290322581,39.11510869565222,43.747252747252745,41.98850000000001,43.7183908045977,39.2445348837209,50.632183908045974,50.29267441860462,40.0,37.164166666666695
222,22,2,15,13,19,4,80,65,,35.6,34.7,34.8,50.3421052631579,60.66510638297867,40.51075268817204,44.126630434782626,47.285714285714285,40.57755555555553,44.36516853932584,39.638068181818156,52.323170731707314,50.52666666666666,43.424050632911396,35.943589743589776
223,12,6,4,13,20,6,80,65,,35.4,33.8,34.6,50.388297872340424,53.940215053763374,44.33695652173913,37.52065934065938,43.2752808988764,39.41499999999997,44.97126436781609,39.12395348837206,51.993975903614455,49.77341463414632,47.2962962962963,35.489375000000024
224,15,21,22,9,19,2,80,65,,35.5,34.4,34.4,50.80769230769231,53.81533333333327,50.57471264367816,45.62674418604653,49.74404761904762,45.98289156626504,45.81547619047619,41.1322891566265,52.30625,48.334936708860795,40.77564102564103,35.17383116883119
225,10,24,17,13,23,20,80,65,,35.7,34.6,34.4,52.291666666666664,56.53469879518069,49.95762711864407,51.29844827586209,50.23529411764706,44.287142857142854,45.17857142857143,39.1680722891566,51.970238095238095,51.91325301204816,50.482142857142854,38.492168674698824
226,23,12,19,17,1,4,80,65,,35.1,34.8,35.5,50.41935483870968,63.01815217391295,46.0989010989011,49.25322222222222,49.265957446808514,44.35107526881719,45.5609756097561,39.20148148148145,45.22222222222222,21.996624999999998,48.73717948717949,30.953636363636367
227,16,3,12,6,3,14,80,65,,35.1,34.8,35.5,50.170212765957444,50.46301075268807,43.61538461538461,37.166333333333334,46.23033707865169,39.784659090909074,40.9080459770115,39.12906976744182,47.61764705882353,37.440714285714286,49.34567901234568,36.85162499999999
228,19,12,23,19,17,12,80,65,,35.5,34.4,35.3,50.43888888888889,59.932808988763966,48.651685393258425,41.699659090909115,48.627906976744185,43.310235294117675,44.28823529411765,39.65642857142855,51.373493975903614,51.78426829268293,49.51851851851852,35.20225000000002
229,11,24,20,2,21,5,80,65,,35.8,34.3,34.8,50.888297872340424,54.649247311827864,48.93181818181818,46.70369230769232,49.38636363636363,44.34126436781607,40.0,39.451724137931,51.541666666666664,50.90698795180718,44.84146341463415,36.0976543209877
230,4,18,3,11,9,17,80,65,,35.5,34.4,35.2,49.60112359550562,35.55215909090912,50.2183908045977,45.00267441860465,40.92261904761905,39.403493975903594,44.33536585365854,40.589753086419755,51.71875,52.45291139240506,50.82051282051282,38.78311688311688
231,12,23,22,9,5,14,80,65,,35.6,34.9,35.9,50.380434782608695,57.79719780219779,50.45977011494253,48.59965116279071,49.38235294117647,44.21261904761902,45.69047619047619,42.00072289156629,50.39506172839506,33.90325,52.52564102564103,44.68597402597395
232,21,22,17,21,13,4,80,65,,35.4,34.2,34.7,50.764044943820224,63.342727272727274,49.01744186046512,47.685999999999986,50.247058823529414,45.72035714285713,46.34756097560975,39.56370370370368,51.43827160493827,51.846624999999996,46.563291139240505,35.31974358974361
233,17,5,7,10,1,11,80,65,,35,35.1,35.4,51.04891304347826,52.97747252747248,44.18888888888889,39.3366292134832,47.0,43.5705747126437,45.94767441860465,40.174588235294095,45.24096385542169,32.03414634146343,52.41025641025641,40.11714285714289
234,11,2,20,22,1,15,80,65,,35,34.8,35.6,51.87362637362637,49.57077777777773,40.98295454545455,35.35195402298856,50.50581395348837,45.83682352941174,46.140243902439025,40.20296296296295,44.16265060240964,27.302926829268316,51.879746835443036,43.306025641025634
235,13,10,23,9,22,7,80,65,,35.1,34.2,34.8,51.30681818181818,56.544137931034456,48.972527472527474,39.6315555555556,50.47159090909091,47.08586206896553,45.324175824175825,41.04333333333332,50.49431818181818,50.9433333333333,48.983333333333334,39.28820224719106
236,4,3,16,5,10,14,80,65,,35.2,34.3,35.2,51.6436170212766,36.49032258064519,46.175824175824175,28.195111111111096,49.78977272727273,45.08517241379309,41.26162790697674,39.67176470588233,51.398809523809526,52.91927710843372,51.78915662650602,39.605243902439064
237,17,18,13,21,19,22,80,65,,35.6,34.5,35.1,50.575268817204304,60.65913043478254,48.86666666666667,45.70988764044949,49.07954545454545,43.69229885057474,45.32738095238095,39.32421686746985,51.420731707317074,50.82370370370374,52.08227848101266,47.4867948717949
238,6,8,3,12,6,12,80,65,,35.7,34.5,35.9,51.233695652173914,44.54549450549452,51.23033707865169,47.01727272727273,41.57386363636363,40.44448275862066,45.36470588235294,39.58869047619045,51.21686746987952,38.51597560975614,52.23125,42.667468354430376
239,17,11,24,9,14,15,80,65,,35.2,34.5,35.2,50.755434782608695,61.11934065934062,48.08988764044944,45.667386363636396,49.00806451612903,47.25934426229505,45.76470588235294,41.34214285714287,51.24698795180723,50.003048780487774,51.794871794871796,38.88415584415585
240,3,5,19,13,21,23,80,65,,34.9,34.4,35.2,49.31318681318681,28.85711111111111,47.52247191011236,33.533181818181795,49.8448275862069,46.053546511627914,45.411764705882355,39.971428571428554,52.079268292682926,52.53864197530868,52.833333333333336,47.75487012987017
241,15,17,21,5,14,21,80,65,,35.5,34.4,35,51.266666666666666,60.284719101123564,49.5919540229885,46.03034883720934,50.898809523809526,48.88698795180724,41.44642857142857,40.64132530120482,51.49382716049383,47.01550000000001,53.0,46.801052631578905
242,19,5,16,6,22,15,80,65,,35.2,34.2,34.7,50.858695652173914,58.323186813186794,44.544444444444444,43.97280898876407,49.9367816091954,43.11139534883719,41.423529411764704,38.92666666666663,52.3625,53.91240506329112,52.6875,40.83683544303795
243,14,18,7,5,24,24,80,65,,35.1,33.9,34.6,51.21808510638298,55.64451612903225,49.5989010989011,36.73222222222225,48.043956043956044,42.21444444444445,40.674157303370784,39.71613636363633,51.26229508196721,48.778166666666685,50.810344827586206,46.4943859649123
244,17,6,17,14,4,4,80,65,,35.2,34.6,35.3,50.785714285714285,58.51866666666661,46.79545454545455,42.78028735632188,49.27906976744186,44.2829411764706,44.87951807228916,39.339390243902415,50.4320987654321,33.756,47.98125,32.16905063291139
245,11,15,7,20,1,12,80,65,,35.5,35.1,35.6,51.16129032258065,53.15141304347824,50.38333333333333,39.7158426966292,46.12068965517241,49.218837209302336,45.92857142857143,40.910240963855415,44.234939759036145,28.328536585365878,51.63291139240506,42.64205128205127
246,7,8,14,20,22,14,80,65,,36.4,34.6,35.2,51.06741573033708,49.493863636363606,51.71264367816092,41.39558139534885,46.75595238095238,39.625903614457805,43.91566265060241,39.545609756097534,52.05696202531646,55.1007692307692,46.26282051282051,39.169480519480565
247,23,17,7,15,3,18,80,65,,35.4,35.1,35.5,51.247191011235955,65.02176136363627,48.160919540229884,49.69837209302323,46.51744186046512,46.237294117647075,45.36144578313253,39.435731707317046,47.26829268292683,35.14907407407408,52.76623376623377,44.384473684210526
248,23,3,12,23,2,10,80,65,,35,35.2,35.9,51.53932584269663,59.840227272727184,41.49431818181818,45.52505747126437,48.87647058823529,42.06523809523808,46.5609756097561,40.1932098765432,46.35625,29.469620253164557,52.34615384615385,43.842337662337656
249,18,4,18,23,17,2,80,65,,35.3,34.2,35,51.40555555555556,58.26089887640443,42.63793103448276,43.484069767441845,49.898809523809526,44.4189156626506,46.77160493827161,41.22412500000001,52.15625,52.31139240506326,40.51923076923077,35.463441558441566
250,18,4,18,16,4,12,80,65,,35,34.7,35.5,51.18279569892473,57.45499999999997,43.01648351648352,42.330888888888964,50.15909090909091,45.10310344827585,45.76470588235294,40.116666666666646,49.71686746987952,36.99280487804878,50.7375,36.81917721518988
251,16,9,9,19,4,3,80,65,,35.2,34.6,35.8,50.15841584158416,52.33339999999995,47.295,38.30525252525257,48.12244897959184,44.63958762886598,44.807291666666664,39.18905263157892,48.40860215053763,35.117173913043494,44.556179775280896,30.085795454545476
252,2,10,4,7,11,9,80,65,,35.2,34.2,34.7,48.027472527472526,32.9068888888889,49.93181818181818,46.80362068965517,43.61046511627907,41.09176470588235,43.19277108433735,40.96951219512194,51.61585365853659,51.4204938271605,51.177215189873415,40.38666666666669
253,13,5,1,19,23,16,80,65,,35.5,33.6,35,51.0,55.722359550561784,46.4080459770115,41.00034883720934,40.0,38.912380952380914,45.323170731707314,39.334382716049355,52.1625,49.326835443038,52.3974358974359,37.8557142857143
254,21,16,3,1,18,3,80,65,,35.1,33.6,34.6,50.56043956043956,61.95099999999993,46.325842696629216,47.57022727272729,40.21511627906977,39.52447058823527,40.0,38.80999999999996,52.3125,50.15531645569619,43.8625,35.1760759493671
255,6,23,22,8,16,18,80,65,,35.7,34.6,34.9,50.522222222222226,41.64494382022474,50.94186046511628,48.09588235294119,49.48809523809524,45.08939759036144,44.30357142857143,39.244216867469845,52.074074074074076,49.34212500000001,52.48717948717949,41.17870129870129
256,20,11,15,8,2,2,80,65,,35.2,34.9,34.6,52.156976744186046,65.47011764705877,47.54651162790697,47.63458823529411,50.06547619047619,42.36939759036145,44.84146341463415,39.202901234567875,47.74050632911393,20.86801282051283,43.22077922077922,26.262368421052663
257,6,19,15,3,7,19,80,65,,35.6,34.9,35.1,50.565934065934066,42.27955555555561,50.689655172413794,47.11494186046512,50.31976744186046,44.970235294117664,40.04705882352941,38.86571428571425,49.829268292682926,54.30901234567903,49.620253164556964,42.558076923076904
258,12,19,0,23,23,20,80,65,,35.3,33.9,34.8,50.205263157894734,55.09053191489361,50.333333333333336,44.62779069767445,40.0,39.10116279069764,45.373493975903614,39.58768292682925,52.80625,51.32721518987342,52.62179487179487,46.78935064935063
259,7,24,5,9,20,5,80,65,,35.5,34.2,34.6,50.37362637362637,56.72605555555554,49.4921875,45.35730158730162,41.63953488372093,40.22688235294116,45.234939759036145,40.71109756097562,52.7125,47.41063291139242,48.30128205128205,36.529285714285734
260,8,5,2,9,21,13,80,65,,35.2,33.6,34.8,51.689473684210526,53.68840425531909,45.1978021978022,37.46644444444447,40.0,39.19727272727269,45.660919540229884,39.89372093023255,52.40243902439025,50.98864197530864,51.21341463414634,38.178888888888885
261,23,8,4,19,13,24,80,65,,35.7,34.2,35.5,50.564516129032256,57.845923913043414,48.0,45.11631868131871,41.39325842696629,39.22818181818179,43.825581395348834,39.081176470588204,50.81325301204819,52.77097560975606,50.089285714285715,40.77581818181822
262,1,18,2,10,4,1,80,65,,35.8,34.8,35,42.479166666666664,32.70084210526317,50.61413043478261,42.780549450549444,40.0,39.01045454545451,45.53448275862069,40.88732558139535,49.27058823529412,33.86714285714283,40.84756097560975,27.016172839506165
263,17,18,3,14,4,4,80,65,,35.8,34.2,35.6,50.005102040816325,53.2797938144329,49.822916666666664,40.44505263157895,40.04347826086956,39.03373626373622,43.55,38.95067415730333,49.50574712643678,37.176279069767475,46.34705882352941,27.13440476190478
264,9,23,2,16,18,6,80,65,,35.8,34.3,34.9,51.73913043478261,55.55384615384607,50.57386363636363,47.35252873563223,40.0,39.0352873563218,45.10588235294118,39.70392857142856,51.76829268292683,52.296049382716014,46.0625,35.949746835443044
265,14,14,7,1,23,13,80,65,,35.5,33.9,34.7,50.78191489361702,54.07258064516126,49.72527472527472,41.11722222222225,45.69101123595506,40.79136363636363,40.0,38.80999999999995,52.04819277108434,48.24426829268292,51.39506172839506,38.719875000000016
266,8,15,1,9,15,15,80,65,,35.2,33.7,34.8,52.34615384615385,53.87022222222217,50.54494382022472,42.67011363636365,40.0,38.99639534883717,44.13690476190476,40.77361445783132,51.646341463414636,49.148395061728365,52.335443037974684,43.42961538461538
267,21,9,18,22,12,16,80,65,,35,34.2,35,51.13483146067416,58.79749999999989,50.5,45.26616279069769,48.133720930232556,41.667647058823526,45.704819277108435,39.573414634146324,51.8780487804878,46.933209876543216,52.721518987341774,43.20333333333332
268,21,8,23,15,13,12,80,65,,34.8,34.2,34.9,51.19444444444444,57.61741573033695,48.168539325842694,45.167386363636375,50.87647058823529,48.95523809523806,45.65294117647059,41.18452380952381,51.31927710843374,50.117073170731715,52.563291139240505,38.07903846153848
269,13,14,6,22,6,14,80,65,,35.1,34.2,35.7,51.07142857142857,52.699888888888864,50.55113636363637,39.402988505747146,44.87931034482759,39.57058139534881,45.99390243902439,40.22172839506172,51.61585365853659,41.604691358024745,52.335443037974684,44.2855128205128
270,1,13,14,22,19,1,80,65,,35.2,34.3,34.8,42.58064516129032,30.491630434782632,50.03333333333333,44.72685393258424,49.625,42.859022988505735,45.99404761904762,40.056265060240946,51.77439024390244,52.28456790123454,40.0,34.86730769230768
271,13,12,10,18,19,5,80,65,,36,34.9,35.2,51.02247191011236,53.74352272727269,51.075581395348834,38.836117647058835,47.26744186046512,40.84258823529412,44.0722891566265,38.938414634146305,51.55,48.69746835443037,42.29746835443038,36.73551282051284
272,20,15,4,13,13,17,80,65,,35.1,33.6,35.1,51.122093023255815,63.150941176470525,48.76162790697674,46.70258823529416,43.970238095238095,39.545903614457806,45.41463414634146,39.12888888888886,51.81875,49.56746835443038,51.18589743589744,39.82038961038962
273,14,1,5,20,10,7,80,65,,35.2,33.7,34.5,50.97282608695652,51.865824175824166,41.561797752808985,37.54818181818187,42.133720930232556,40.096117647058804,45.265060240963855,39.34402439024388,51.204819277108435,51.419024390243855,48.55625,37.5675949367089
274,6,4,5,0,13,17,80,65,,36.3,34.5,35.2,52.07142857142857,38.97216666666667,47.90449438202247,28.291704545454532,42.97701149425287,42.60511627906979,40.0,38.80999999999996,51.21604938271605,48.17612500000003,52.57692307692308,41.363766233766235
275,8,22,22,18,8,20,80,65,,35.3,34.4,35.2,52.58888888888889,55.11438202247185,50.76744186046512,46.50941176470591,50.144578313253014,44.913048780487806,43.8855421686747,40.233780487804864,51.30246913580247,46.90512500000003,53.15384615384615,44.427792207792194
276,2,14,11,2,24,3,80,65,,35.8,34.9,34.5,48.061797752808985,32.12829545454547,50.62643678160919,45.26232558139538,49.94047619047619,42.862951807228896,40.0,38.80999999999996,51.88392857142857,50.30345454545452,43.55769230769231,37.86064935064939
277,9,0,19,1,9,13,80,65,,35,33.9,34.6,51.42934782608695,56.78967032967029,40.0,41.617840909090916,50.752873563218394,46.3513953488372,40.0,39.8565882352941,51.214285714285715,47.39409638554217,50.76875,38.070379746835485
278,7,7,4,4,23,16,80,65,,35.6,34,34.3,52.38636363636363,47.645172413793134,48.43023255813954,35.55670588235296,44.642857142857146,39.59277108433733,40.042682926829265,38.838888888888846,52.18589743589744,50.2366233766234,52.46153846153846,38.1258441558442
279,7,1,6,11,1,13,80,65,,35.5,34.6,35.6,53.20786516853933,46.75931818181818,40.0,33.35726190476194,44.78915662650602,39.492073170731686,44.90243902439025,39.593703703703675,40.9875,28.364177215189883,53.14935064935065,46.1003947368421
280,12,19,20,0,18,6,80,65,,35.7,34.5,34.6,50.93888888888889,57.30359550561802,50.44252873563219,41.437093023255855,48.92261904761905,44.35325301204816,40.0,38.99891566265056,51.95,48.04101265822788,49.57142857142857,33.89828947368421
281,2,16,12,20,11,22,80,65,,35.7,35,35.6,45.151685393258425,35.521193181818205,50.672413793103445,45.40848837209303,46.76470588235294,39.476547619047594,44.18292682926829,39.1433333333333,51.04320987654321,54.16000000000001,49.626666666666665,41.27540540540539
282,2,13,24,12,14,23,80,65,,34.9,34.9,35.6,46.05555555555556,32.69898876404497,50.443820224719104,45.42215909090907,50.70338983050848,49.77077586206895,45.2710843373494,41.748658536585346,51.65432098765432,52.73262499999995,52.94155844155844,47.931973684210554
283,20,14,4,4,8,12,80,65,,35.7,34.2,34.7,51.29545454545455,62.82356321839076,47.11363636363637,48.00494252873563,44.674418604651166,39.929176470588224,40.958333333333336,39.11168674698792,51.16463414634146,52.363580246913614,51.71518987341772,38.63205128205129
284,2,5,23,5,22,16,80,65,,34.8,34.2,35,49.47826086956522,27.77813186813185,48.705555555555556,33.7956179775281,49.87647058823529,48.62708333333333,40.6566265060241,40.57341463414634,52.664556962025316,51.77384615384619,52.4746835443038,45.90307692307688
285,7,10,9,1,6,18,80,65,,35.7,34.9,35.5,50.005494505494504,57.04088888888887,49.94886363636363,46.89011494252875,48.63529411764706,43.18523809523811,40.0,38.90560975609752,51.4375,39.57677215189877,52.81410256410256,42.16798701298703
286,19,12,10,4,9,5,80,65,,35.5,34.2,34.5,51.36666666666667,59.80629213483143,47.837078651685395,44.36284090909093,50.33139534883721,43.66811764705882,40.0,38.80999999999996,51.833333333333336,51.062250000000006,47.26282051282051,37.20363636363636
287,11,20,8,11,8,3,80,65,,35.3,34.4,34.5,51.727777777777774,51.573483146067375,50.88505747126437,47.06674418604653,51.19767441860465,44.53105882352944,44.45348837209303,40.04447058823528,52.50609756097561,48.97938271604935,43.82911392405063,34.471025641025655
288,22,16,3,11,1,14,80,65,,34.8,34.5,35.3,51.2183908045977,63.74232558139526,47.21590909090909,46.81471264367815,40.076470588235296,38.92648809523805,44.475903614457835,41.21304878048781,42.26219512195122,26.178765432098764,51.139240506329116,38.101538461538475
289,13,12,19,7,14,1,80,65,,35.5,34.6,34.8,51.16483516483517,51.88477777777771,50.33522727272727,40.587586206896546,49.16470588235294,41.91630952380949,43.451219512195124,40.197530864197525,52.18518518518518,49.885250000000006,42.41772151898734,32.892051282051284
290,11,20,4,10,20,1,80,65,,35.4,34.4,34.5,51.30769230769231,54.42766666666665,50.53488372093023,48.294117647058876,44.78235294117647,39.31249999999998,45.674698795180724,39.61231707317071,52.39375,49.2606329113924,42.60126582278481,35.96256410256416
291,10,12,19,7,13,3,80,65,,35.1,33.9,34.7,50.48421052631579,50.81351063829775,49.27717391304348,38.54989010989011,49.561797752808985,44.5813636363636,43.17613636363637,41.224712643678146,51.576470588235296,47.28273809523809,42.78658536585366,32.92345679012347
292,2,7,9,14,9,19,80,65,,35.2,34.4,34.5,48.3876404494382,32.46039772727275,49.0406976744186,48.547294117647084,50.05882352941177,46.6857738095238,45.22289156626506,40.66853658536584,52.05555555555556,50.91012500000001,50.98701298701299,38.946710526315826
293,17,17,10,24,3,9,80,65,,34.9,34.6,35.6,50.26063829787234,59.104731182795675,48.21022727272727,44.60287356321842,49.53488372093023,43.48435294117651,46.4,40.09542372881354,47.890243902439025,32.48716049382717,52.22784810126582,46.496153846153874
294,17,23,13,17,3,6,80,65,,35.2,34.2,35.4,50.53125,55.75273684210521,50.04838709677419,43.49456521739134,48.71195652173913,41.12208791208789,45.050561797752806,39.53999999999997,44.64367816091954,39.7072093023256,47.78395061728395,31.890625000000018
295,18,9,10,8,24,9,80,65,,35.2,34.2,34.5,51.077777777777776,60.527696629213445,48.651685393258425,42.95056818181825,50.241379310344826,44.36,46.14705882352941,39.52809523809521,51.25,51.078596491228105,51.725,42.34101265822784
296,17,6,0,14,12,4,80,65,,35.2,33.6,34.6,50.916666666666664,57.5924719101123,45.0919540229885,42.43500000000003,40.0,39.099047619047575,44.433734939759034,39.16243902439022,51.39506172839506,48.32749999999997,45.77215189873418,33.342499999999994
297,7,6,16,9,2,18,80,65,,35.2,35,35.4,50.72727272727273,49.825057471264344,48.02906976744186,36.982000000000006,46.976190476190474,40.21590361445783,44.926829268292686,44.63074074074075,46.382716049382715,29.287875000000014,52.3051948051948,41.083815789473704
298,0,1,6,8,7,8,80,65,,34.8,33.7,35.2,40.0,28.00977777777776,41.28409090909091,19.282643678160913,47.917647058823526,40.138928571428565,45.963855421686745,39.17207317073168,50.30864197530864,50.157250000000026,52.01298701298701,49.64605263157895
299,8,24,14,9,5,8,80,65,,35.5,34.7,35.6,50.994565217391305,55.08362637362634,49.76923076923077,47.405781249999976,49.13793103448276,43.03348837209303,45.582352941176474,40.81000000000001,49.833333333333336,37.329759036144594,51.79746835443038,45.62756410256414
300,22,19,8,18,8,16,80,65,,34.9,34,34.5,50.692708333333336,59.86168421052624,48.101063829787236,47.589032258064485,49.70652173913044,42.34076923076924,45.41111111111111,39.989325842696594,50.97727272727273,50.485057471264334,51.029411764705884,40.16488095238096
301,18,13,13,8,22,13,80,65,,35.2,33.9,35,49.46153846153846,56.403592233009626,47.4040404040404,41.08010204081633,46.136842105263156,39.743297872340406,43.3,38.80999999999995,51.44705882352941,49.968809523809526,47.40243902439025,38.653333333333364
302,7,10,18,15,12,18,80,65,,35.8,34.6,35.2,51.10215053763441,46.54239130434781,49.977777777777774,40.5684269662921,47.20454545454545,41.52448275862069,43.99411764705882,38.80999999999996,50.904761904761905,51.01180722891567,50.54320987654321,39.429874999999996
303,5,15,13,20,4,9,80,65,,36.1,34.9,35.7,51.736559139784944,37.08684782608699,50.21978021978022,43.85144444444447,49.28977272727273,42.45862068965518,45.651162790697676,39.53752941176469,48.95294117647059,34.37976190476189,51.676829268292686,42.81111111111114
304,4,24,7,3,3,4,80,65,,35.5,34.6,35.7,50.48876404494382,51.447386363636376,49.65079365079365,46.78177419354841,47.27325581395349,44.49005882352942,40.17261904761905,39.47963855421685,48.76875,36.01936708860759,48.96835443037975,31.370128205128214
305,2,17,11,4,2,13,80,65,,35.5,35.1,35.6,46.611111111111114,32.49157303370788,49.92934782608695,46.772087912087876,48.80337078651685,42.71954545454547,40.0,39.36715116279067,47.805882352941175,29.02309523809526,47.49609375,33.55118110236221
306,11,2,22,22,20,11,80,65,,35.2,34.3,34.9,50.89673913043478,52.18461538461537,41.26111111111111,39.20921348314608,49.923529411764704,46.58821428571428,44.69879518072289,40.05682926829267,51.51851851851852,51.97287499999999,51.71875,37.715316455696225
307,7,11,21,23,24,10,80,65,,34.7,34.1,34.6,51.605555555555554,52.38685393258423,47.58988764044944,38.24323863636368,50.811764705882354,48.490952380952365,46.493975903614455,41.22304878048779,51.19491525423729,50.210689655172416,52.95061728395062,43.60987500000003
308,6,16,20,5,22,8,80,65,,35.2,34.4,34.6,51.5,47.56218390804599,51.0632183908046,48.620930232558116,50.6566265060241,46.901829268292666,41.265060240963855,40.09573170731705,52.5,50.76705128205125,52.22077922077922,42.75381578947369
309,4,8,23,6,10,23,80,65,,34.8,34,34.9,51.33522727272727,40.21356321839083,50.193548387096776,43.90032608695653,50.2752808988764,46.67022727272726,41.35057471264368,40.38220930232557,51.51190476190476,50.1101204819277,52.234939759036145,46.35621951219512
310,12,22,18,20,22,7,80,65,,35.5,34.4,34.4,50.747252747252745,55.61711111111105,50.833333333333336,49.488255813953494,50.0406976744186,44.9701176470588,44.67261904761905,39.11168674698792,52.351851851851855,50.07725000000001,50.375,40.21101265822785
311,18,15,1,19,11,13,80,65,,35.5,33.7,35.4,49.76,52.94858585858577,49.60112359550562,41.10147727272726,40.0,39.0418279569892,43.35164835164835,38.86199999999996,51.359756097560975,52.49876543209877,50.1875,37.026455696202525
312,10,22,24,8,11,9,80,65,,35.7,34.6,34.9,51.21978021978022,54.78133333333332,51.08139534883721,45.97600000000002,48.02459016393443,44.158666666666655,46.144578313253014,40.45378048780487,51.876543209876544,50.28287500000006,52.52564102564103,41.795909090909106
313,4,11,11,8,4,8,80,65,,35.7,34.7,35.8,50.9010989010989,36.50111111111114,50.04494382022472,45.76522727272728,49.94767441860465,44.623529411764714,46.208333333333336,39.50216867469878,49.933734939759034,34.74999999999999,51.34375,50.33886075949371
314,4,7,12,6,2,0,80,65,,35.5,34.9,34.6,50.53804347826087,39.243736263736295,48.40340909090909,42.05333333333338,50.593023255813954,43.139764705882364,41.811764705882354,39.06630952380949,47.06707317073171,23.768518518518526,40.0,25.145063291139266
315,22,21,2,6,15,15,80,65,,35.2,33.6,34.8,51.144444444444446,66.35078651685384,47.293103448275865,51.899651162790676,40.07471264367816,38.80999999999995,41.78235294117647,39.01999999999996,51.273809523809526,56.079397590361445,47.148148148148145,38.52937499999999
316,9,1,18,24,8,21,80,65,,35,34.2,34.5,51.550561797752806,56.52159090909088,40.0,40.08160919540231,48.30952380952381,42.23686746987954,45.31896551724138,40.35631578947367,52.30246913580247,51.96050000000001,52.66025641025641,44.676623376623354
317,4,4,17,1,11,10,80,65,,35.2,34.3,35,51.71348314606742,36.87840909090912,47.174418604651166,25.99364705882355,50.694117647058825,46.16809523809521,40.0,39.808902439024365,52.23456790123457,48.63599999999998,53.14556962025316,42.64756410256411
318,21,23,13,16,5,20,80,65,,35.3,34.9,34.9,51.02840909090909,62.80620689655166,49.12643678160919,47.148488372092984,48.79651162790697,40.72682352941175,44.101190476190474,39.01722891566261,49.77777777777778,35.79350000000003,52.47402597402598,43.27552631578951
319,20,17,18,12,0,23,80,65,,35,34.7,35.2,51.12222222222222,59.10370786516854,48.56741573033708,43.84613636363639,49.52298850574713,44.159825581395374,44.54705882352941,39.31809523809521,40.0,29.425061728395065,51.9025974025974,48.31947368421056
320,18,7,16,3,19,9,80,65,,35.4,34.5,34.7,50.967032967032964,57.33033333333332,46.88068181818182,42.961494252873614,49.52906976744186,43.39188235294118,40.0,38.866385542168636,51.6375,49.42797468354429,52.462025316455694,45.02358974358976
